Time,V1,V2,V3,V4,V5,V6,V7,V8,V9,V10,V11,V12,V13,V14,V15,V16,V17,V18,V19,V20,V21,V22,V23,V24,V25,V26,V27,V28,Amount,Hour
-1.12257389905308,-16.5265065691231,8.58497179585822,-18.6498531851945,9.50559351508723,-13.7938185270957,-2.83240429939747,-16.701694296045,7.51734390370987,-8.50705863675898,-14.1101844415457,5.29923634963938,-10.8340064814734,1.67112025332681,-9.37385858364976,0.360805641631617,-9.89924654080666,-19.2362923697613,-8.39855199494575,3.10173536885404,-1.51492343527852,1.19073869481428,-1.12767000902061,-2.3585787697881,0.673461328987237,-1.4136996745882,-0.46276236139933,-2.01857524875161,-1.04280416970881,1.1028336180034404,11.529166666666667
-0.4327794914369967,-2.25053480921229,2.36575487772312,-2.95549117924385,0.0897905975142065,-2.83074456678034,-0.844461639207772,-0.174061560679368,-0.407138137833787,0.174216293591102,-2.9989262562074,2.60516857519668,-3.67771661422902,-0.961254636207547,-4.62948099682303,1.94218161282,-4.18037888438458,-4.60568646763486,-2.55718413666009,1.58958220191211,-0.48653714178381,0.256559618287662,-0.466245243122949,0.291104927494009,0.242566552797207,-1.27909371150404,-1.12353433717278,-0.630976512544474,0.326839204012689,0.891294877482183,20.628333333333334
0.9580121392194076,-4.86174665742506,-2.72266032465254,-4.6562480902453,2.50200470213773,-2.00834642496284,0.615421803000716,-3.4856795852374,1.87885554354264,-1.11626798693717,-5.11297108805175,2.9456208658257,-4.10212741074135,-0.477202973371762,-4.35043446756499,0.0007163434773255,-5.03744940979325,-8.07801049835537,-3.45798118698593,0.596696430089622,0.285558785827713,1.1388759328635,1.03366434019377,-0.806198897465357,-1.51104641883913,-0.191731402147673,0.0809988303848193,1.21515161370172,-0.923141608648516,2.0172359114189895,38.974444444444444
-0.7986609162417543,-0.0754834663888726,1.81235458422751,-2.56698081016962,4.12754860722303,-1.62853157024518,-0.805895445766318,-3.39013454458215,1.01935326231828,-2.45125125188341,-3.55583492739064,4.31571103012142,-5.47980167679906,-2.11550315600957,-5.5887855765974,0.280108069299552,-3.50723062361012,-7.45709493793125,-2.32549168188332,-0.440434552920779,0.338598140549314,0.794372451897782,0.270471232297866,-0.143624140755259,0.0135659145316466,0.634203128800614,0.213693187250942,0.773625466697089,0.387434054572014,-0.33323896199713376,15.801944444444445
-1.422712485973495,-25.9424344479142,14.6019980426299,-27.3686502881266,6.37839460769688,-19.1040334039646,-4.68480620428185,-18.2613929340355,17.0525663121462,-3.74260500983864,-8.233721369876,4.6648362538527,-6.52566786025865,0.92375858946558,-6.32597461208273,-0.0702237027595964,-5.83836021908828,-12.0616957125199,-4.77334851403019,0.852969608454831,1.66730429040185,1.78431598423494,-1.91775921336107,-1.23578743924962,0.161104731783341,1.82037804128869,-0.2193590586868,1.38878576213598,0.406809649908512,0.046539245565032535,7.57
1.5695974181031243,-0.676142670593205,1.1263660623459,-2.21369952308058,0.46830838758824,-1.12054104443306,-0.0033462959955453,-2.23473929608742,1.21015796383769,-0.65224992035649,-3.46389087904573,1.79496896856641,-2.77502154036273,-0.418950143733104,-4.05716237716209,-0.712615968607599,-1.60301474745597,-5.03532591722409,-0.50699988370237,0.266272320267649,0.247967752628092,0.751825538154533,0.834107690036367,0.190943872773442,0.0320700856093905,-0.739694822652264,0.47111096261267,0.385107448705084,0.19436147923645,-0.04181845932099624,47.04194444444445
-0.7460582227647883,-7.62692409246447,-6.97642000754641,-2.07791115073952,3.41675415987856,4.45875840248762,-5.08040779918275,-6.57894786782983,1.76034141396682,-0.599508728352202,-4.00174208524931,2.61176184321338,-2.21069105518154,0.145323220628924,-5.28167813117348,-1.44622731547596,-2.34217826208892,-4.44208205885268,-0.812202197039381,0.254771833248553,2.87526030369363,1.22479498325958,-0.656639147267532,-0.330810728527997,-0.0789460153087798,0.270305924800976,0.431119110160139,0.821381426988655,-1.05608777393768,-0.2773457170058811,16.495833333333334
-0.8318482040398721,-6.15960693036327,1.46871292315117,-6.85088814665684,5.17470627250374,-2.98670392387712,-1.795054145699,-6.54507152628193,2.62123613805269,-3.60587012643541,-8.12216107491307,6.02903256317613,-9.22585530778592,-1.54675863096913,-10.3093341893072,0.308062393533042,-7.78732622111619,-12.8221770045808,-4.36767713342358,2.64398422133793,-0.289829585956863,1.06131418230601,0.125737468595024,0.589592331660844,-0.568730604518481,0.582824720935876,-0.0425826450995479,0.951130233081124,0.158996023697089,-0.349910981425855,15.364166666666666
0.8528488681129351,-3.15898973247843,1.7654516187093,-3.39016804993175,0.9874099790721,-1.50993036564483,-1.28095213137771,-2.71955696702151,0.718324816575686,-1.66018323527908,-3.8410981507899,3.28282460993431,-3.90687694585664,0.951367704021229,-4.89818303490097,-0.551999608913709,-4.78744841664753,-9.33432947229458,-2.58024865554763,1.50157346167502,-0.0225898632000452,1.12053278888547,1.60508518555367,-0.618637378199115,-0.251282996939273,-0.240527821958069,-0.0043267561942135,-0.2354773111409,0.0181292220019296,-0.01627068854173271,37.58722222222222
0.7097602763691464,-4.59944700208203,2.76253994253031,-4.6565298706326,5.20140306725894,-2.47038771213247,-0.357617930345621,-3.7671888274624,0.0614664440276634,-1.83619986278079,-1.4706452575308,2.14393063330902,-5.83973605661705,0.153011630876735,-6.17736456586248,-0.78541565373917,-4.51052273721062,-10.3405128633486,-4.18117755349571,-0.376135682527478,-1.00065772232141,1.58148035659457,0.261332719512975,0.621415022135499,0.994109926998982,-0.687853106052664,-0.337531252843331,-1.61279104641522,1.23142473470435,0.019991953237284515,35.69972222222222
-0.2028480222316356,-3.00345942213401,2.09615030972986,-0.487030347865578,3.06945315960973,-1.77432868427117,0.251804209642436,-4.32877649482139,-2.42547814428288,-0.985222033510513,-3.99521073403213,1.8806015528528,-2.32517912777326,0.636458662971611,-5.41749934539643,-0.262909464785021,-3.81808566437699,-3.70070702592749,-1.99141207812339,0.779950535234061,0.692537380835205,0.163966694003732,1.24564832133152,-0.269241340185825,0.537102119409512,-0.220756683145222,-0.0595547732936557,0.460709677482052,-0.0335506071081744,-0.3452332205789476,23.66138888888889
-1.1148877568917137,-20.9069081014654,9.84315322329519,-19.947726046163,6.15578864849515,-15.142013159868,-2.239565648142,-21.2344631540976,1.15179506554623,-8.73967037069304,-18.2711681738888,4.67734929657245,-9.58356643737056,1.03516582361622,-8.19969002891841,-0.32651888245129,-8.37643882097816,-18.4854603221489,-7.58997395860914,1.1266403652792,0.396654845079575,-1.97719619445615,0.652931885295435,-0.519776859411322,0.541701730134149,-0.0538607606750096,0.112670774311131,-3.76537100922261,-1.07123831223447,-0.3492313067728856,11.630555555555556
-0.5602852196207554,-13.1926709562391,12.785970638298,-9.90665002092758,3.32033688288942,-4.80117593230105,5.76005855618556,-18.7508891580107,-37.3534426378925,-0.391539743919107,-5.05250236713858,4.40680552357904,-4.61075647740608,-1.90948796970811,-9.07271093398351,-0.226074450896345,-6.21155748212485,-6.24814535335983,-3.14924669470095,0.0515761185277783,-3.49304991519446,27.2028391573154,-8.88701714094871,5.30360690376998,-0.639434802306313,0.263203123457008,-0.108876929971315,1.26956635541013,0.939407362758877,-0.3492313067728856,18.94638888888889
-1.1293966663415256,-7.33434102050082,4.96089229123138,-8.45140959148547,8.1748251681484,-7.23746372952055,-2.38271066458273,-11.5088418575552,4.63579753722901,-6.55776036636164,-11.5198609264142,6.45582813287588,-13.3802218737527,0.545279226790884,-13.0268638593173,-0.453594543596495,-13.2515419788937,-22.8839985767803,-9.28783221397402,4.03823050489431,0.723313822249839,2.15375502636012,0.0339216178167887,-0.0140949200284419,0.625249955306557,-0.0533903339689031,0.164708739959664,1.41104749421382,0.315644799820923,-0.30773117207980966,11.439166666666667
-0.018822826757173585,-12.3810482122443,8.21302215295327,-16.9625296493409,7.11609059812684,-9.77282635905051,-3.66683564785878,-16.1473633736285,2.07870595319163,-4.25065683444105,-16.7460441053944,7.42580096307482,-15.5648376012203,-0.426338420425742,-14.0295376738875,-1.68188923012087,-11.1337609764854,-15.8335888785336,-5.74853293843859,2.27108150670047,0.53779490001906,0.1677033350947,1.5034133341063,-0.767755381526479,0.371951476263823,-1.41563947948017,-0.517022160118675,-0.434620522533755,0.292721057342818,0.03458496784515807,26.08888888888889
-0.009515224468615148,-26.4577446501446,16.497471901867,-30.1773174564996,8.90415677106517,-17.8925996927224,-1.22790388102871,-31.1973285494605,-11.43892041491,-9.46257260540015,-22.1870885620007,4.41999660154863,-10.5923050053728,-0.703795803703315,-3.92620731586873,-2.40024649210124,-6.80988994039049,-12.4623149481086,-5.50105078380738,-0.567939572890149,2.81224110932946,-8.75569832116533,3.46089334478551,0.896537503959012,0.254835536763482,-0.738096558530353,-0.966564233789852,-7.26348214633855,-1.32488430656137,-0.3492313067728856,26.211666666666666
-0.5007755271604247,-3.17081841545902,0.185734554774403,-3.39985157931162,3.76115529034876,-2.14804702797609,-1.59894442520531,-2.51956531805231,1.31621501070214,-2.40010611621824,-4.99341703829647,4.44719176626515,-5.29376010254684,-1.41957829927441,-6.42527621352443,0.914083034195792,-3.51519716625381,-6.34745330751181,-0.90351216582405,1.19160626766329,1.93225372509724,1.09205113380931,-0.0410804286307278,0.904395217733676,0.180015601586537,0.0499703397242655,-0.257099837784436,0.859281566487016,0.225924185725605,1.35155456012832,19.73138888888889
-1.989444387312801,0.503301988400519,0.930065139646533,-0.857525171542855,2.04294011557666,-1.50594639143412,-1.00018456183002,-1.99136333313202,0.460576746896755,-1.12410116690148,-1.97461696232863,2.94606281176549,-2.1498630541179,-0.646459994434482,-2.23883094451216,0.291703946709641,-2.21330281047888,-5.40001437327305,-1.44538878051743,0.36806011087656,0.166740829023922,0.379924772081051,-0.0621911206869668,-0.0121869727427656,0.479787698400125,0.531946545714183,-0.441322928572273,0.460792336235155,0.219985374658915,-0.3452332205789476,0.09416666666666666
1.1300764340153602,-1.541678492331,3.8467996764866,-7.60411417332843,3.12145858452036,-1.25492417272895,-2.08487507838532,-2.38502692521029,1.47113982318282,-2.53050724987995,-5.17565967956169,1.92718574923744,-6.01115469172088,-1.19560144211912,-6.74556131619148,-0.0580910805508333,-4.3251322468452,-5.55806727496643,-1.58053122025709,0.971906321717639,0.114760087792356,1.09640466568909,1.0642221648192,0.0653703316207609,0.257209437635477,-0.693653969054163,-0.335701711683891,0.577051520346345,0.398348367999506,0.13725582130548478,41.244166666666665
-0.9202704257811773,-9.84877583247984,7.36554648639464,-12.8985382309124,4.27332307326376,-7.61199101126967,-3.4270452374345,-8.35080815251842,6.86360392236365,-2.3875673251028,-6.06578236274727,2.70785640511515,-6.13603446645473,-0.545976095807375,-7.02898027290706,0.916068574603162,-4.09288449351717,-7.01462170672071,-2.5309672589153,0.554027499068527,0.832398066019608,0.931958309450931,-0.87446736131737,-0.192639469446569,-0.0354260265633338,0.538665050436448,-0.263933516556866,1.13409509350836,0.225973163975667,0.046539245565032535,14.197777777777778
-1.125774703460005,-15.0209806030789,8.07523975163174,-16.2980905380446,5.66482005292134,-11.9181533731348,-4.24695712395156,-14.7166675516611,9.43508432139337,-6.7953981269244,-15.1241628144947,6.03766622940467,-11.6767222367813,1.32697878633103,-12.3816058947985,-0.0716392778020956,-9.48414337021449,-19.6718814509262,-7.64327282087749,1.16906441801605,-0.995786857833133,2.52511546344786,-0.832074336953531,-0.186116823393738,0.429780833741005,0.697102812320081,0.0560310740941657,-1.31088762047629,-0.707402991270252,-0.21681469202966053,11.486944444444445
0.14283885371627242,0.91311613528992,1.1453810871791,-4.60287793273505,2.09180337375362,-0.473223859280585,-2.0854358325571,-1.67124403232231,0.0943965856348779,0.337798765397573,-4.4318096317282,4.87197985976052,-5.39522117678937,1.33250215621937,-4.60379669207464,-0.77731354811867,-2.57189156103509,-3.00361530529652,-0.225441388417525,0.252273565031692,0.50898474829098,0.40141574109896,-0.0849334160429759,-0.197684434494785,-0.283271078982557,0.387597335722074,-0.553526986386025,0.516274456782261,0.270828187083758,0.23796761253078186,28.22138888888889
-0.19459331612956565,-1.7567118508365,3.26657425418237,-4.15338789695403,3.92452561357555,-1.7537718434176,-1.0057867792296,-4.31321717578502,1.56071190324579,-3.29567366751075,-6.2133552491157,4.52299197543382,-6.6528440527591,-0.12468523386066,-8.60448620191387,0.110359314846888,-5.94548061159606,-9.33893779428438,-2.39019258818085,3.18415235636348,0.874720103498016,0.911427441871296,0.0530612807310541,-0.367700953962814,-0.776337755840596,0.292093831084717,0.025999713844171,1.0629681996854,0.501148168228208,-0.3492313067728856,23.77027777777778
-1.1280910750702797,-10.9407391093978,6.26158585106885,-14.1823387841287,7.18360208606589,-9.95136334372547,-3.86082033664669,-13.5473021949163,7.09647164642187,-6.29402944276594,-13.6081431627279,7.12716532148781,-12.6110036871047,1.21455639781013,-13.9062968240505,1.51406990634864,-11.1257390593549,-19.7162573051191,-7.5527890897252,3.65678707068496,-0.0883420818722748,2.26744826134981,-0.492029167950335,-0.239302865923644,0.454368210214217,-0.101611062526814,0.446996732737119,0.062292646721181,-0.439769899530758,-0.17135645200458596,11.456388888888888
-0.020633808197933826,-3.7656801220835,5.8907352377921,-10.2022676310229,10.2590359766218,-5.61144841660942,-3.23537557925717,-10.6326834778618,3.27271632618119,-5.26890524285018,-11.1821254546586,8.87947566765026,-18.4311310279993,-0.232822027713119,-15.0216572999306,0.141186252914787,-12.1863624982841,-20.1655673800665,-7.05165135326307,2.50082720798487,1.19413732146866,2.24560593428534,0.546320674537693,0.381853427747185,0.382024544024505,-0.82103649456311,0.394355120127285,1.4129609931535,0.782407053763083,-0.35318941210488414,26.065
0.9329321520572512,-3.97593925787714,-1.24493887246577,-3.70741371980754,4.54477220840185,4.05067557270479,-3.40767861716595,-5.06311826997904,1.00704199678733,-3.19015819504631,-4.25071651144568,4.18216236800046,-4.56367473788251,1.18250275143465,-6.96497247579046,1.11533951405808,-4.99733165466689,-6.41953891153561,-1.18359273970866,3.56973257751778,2.1094026874149,1.05973707375805,-0.037394796398813,0.348707142883828,-0.162929482857413,0.410530958112178,-0.123612265343157,0.877423851434985,0.667568429836307,-0.3200452775571385,38.64361111111111
-1.7517004284036952,-3.89119195123086,7.09891625215749,-11.4264670967961,8.60755678650129,-2.06570621026229,-2.98528802203595,-8.13858941693861,2.97392807853452,-6.27279046836547,-13.1934150665232,11.6197234753825,-17.6316063138707,-0.355194389515515,-18.8220867423816,-1.2831290856146,-10.0310966568698,-15.2270075099256,-5.32200898058982,-0.501750653452579,1.38261899967275,1.75708522742867,-0.18970915318715,-0.508629244173448,-1.18930816877394,1.18853649934791,0.605241885913626,1.8815287524148,0.875260407222375,-0.3492313067728856,3.230277777777778
1.1094817846076448,-1.61187733763361,-0.408409922870926,-3.8297616763406,6.24946176104187,-3.3609216090486,1.14796358238383,1.8584248531717,0.474858318489524,-3.8383988155266,-1.44537495699985,2.11390001406861,-3.25970246526323,-0.315347339360454,-1.80810297319338,-0.741877295217489,-2.98692008764678,-4.81586301103402,-1.27165458831756,1.70168502365985,2.42567742975765,1.24558218578459,0.616382702131439,2.2514388799998,-0.0660963924813517,0.538710327489417,0.541325493308062,-0.136243382191672,-0.0098522563228139,3.6299439394677426,40.9725
-1.989275923922963,-1.53127111807147,1.39962086034665,-0.587061395411806,2.17500166489627,-2.13763692327444,-0.501576167574257,-1.21521505630479,0.956861641163217,-1.86656120022517,-2.31102388434087,2.77010079151076,-2.36104984988645,-0.529229058879108,-2.00337457519686,0.619597258260633,-2.48907339519567,-4.88759815712332,-1.06963618647159,1.33553997671704,0.805861662457786,0.557904080727571,0.0852670659217011,0.403095847199174,0.454437543529058,0.202522071987229,-0.313117525390189,0.527182017737394,0.202574985967513,0.46250013318233735,0.09638888888888889
1.3915316150441872,-0.848290216565114,2.71988211593934,-6.19907019688041,3.04443718621919,-3.30190955339712,-1.99211683590396,-3.7349017657824,1.52007897310233,-2.54878817321614,-4.5335154033258,2.28802174654208,-5.26720466981905,0.394799950425324,-4.28799577702192,1.31527946674202,-6.46918689069948,-8.71392005149206,-3.7050697432532,3.53100289778427,0.319576271337295,1.12522925908799,0.805257864895713,0.199119186483276,0.0352062006310435,0.0121587630161963,0.601657823317562,0.137467682324392,-0.171396981067706,0.15508728573044803,44.69305555555555
-1.575192911700761,-14.7246270119253,7.87515679273047,-21.8723173644566,11.9061699078901,-8.34873369160876,-2.26284641969245,-15.8334427819606,0.0778736741759969,-6.35683349086288,-13.2616517082667,10.0637897462894,-14.3947668016721,0.654888723464231,-14.2483158270781,-0.305360761401071,-8.16163244506225,-12.2809648581754,-4.81858639342974,0.719787682108791,0.996468755724792,-2.36234492751884,1.09955729576975,1.03719942301307,-1.03635934178889,-0.254776514154375,0.642343201018144,2.16112922373151,-1.40128201963858,-0.3492313067728856,5.558611111111111
1.2054427430442078,-3.57636177773708,3.29943622098785,-7.46043319687438,7.78363417666419,-0.398548657536885,-1.96844144838725,-3.11047619254795,-0.328403695377149,-1.57436284547485,-2.49756054724841,4.60417047790948,-9.0019148555682,-1.27632400546329,-13.9694706254616,1.25694535316357,-4.49162922501012,-5.96998693103967,-1.27466622002178,1.14778361222539,-0.181455201194929,0.540730752300116,0.719526342466937,0.379248749413946,-0.616961860032022,-0.44281081400968,0.359840688732324,-2.65182487459349,0.422184391599186,-0.3492313067728856,42.23833333333334
-1.1386410948588945,-2.37753280180283,0.520539361927579,-8.09413945532841,8.00535147326105,2.64075021376276,-3.38158645291742,-1.93437244067366,0.562322111872781,-3.10402718606356,-3.05121035544102,5.73576265915634,-4.74769250131792,-0.784223284478966,-10.7163393018774,0.656516978131348,-1.14246727231018,0.91859080878698,1.12633522330277,0.0929734778841175,-0.634747080915274,0.148284201590387,0.7210995412337,2.66129069804724,-0.508619933518595,-0.401656629278738,0.587611216267645,0.500326371108344,0.551759687906722,-0.3492313067728856,11.317222222222222
-0.6811577018296364,-5.34466537543542,-0.285760408166142,-3.83561578178611,5.33704802681048,-7.60990870021268,3.8746680317393,1.28962992438915,0.201741916806601,-3.00353243733788,-3.9905513318108,4.98601380361468,-6.11638322304304,0.0423244061770454,-6.04339314434942,1.82140103177852,-4.7454624675489,-10.0756455907271,-3.6045960155148,1.43529381015392,-1.56216235780532,0.276010822180054,1.34204455689584,-1.01657869464831,-0.0713612973880671,-0.335869334726878,0.441044176004645,1.52061262049821,-1.11593680318009,5.2527271447252195,17.351944444444445
-1.7160283056054644,-5.45436177939673,8.28742055534983,-12.7528112729386,8.59434189301081,-3.10600228114338,-3.17994875686414,-9.25279393795831,4.24506220985367,-6.32980084623466,-13.1366983691039,11.228470279576,-17.1313009454468,-0.169401056814124,-18.0499976898594,-1.36623566099065,-9.7235653091894,-14.7449024646768,-5.24730110631125,-0.574675143795817,1.30586191483437,1.84616479291417,-0.267171794223081,-0.310803969751621,-1.20168545799806,1.35217609502433,0.608424596360403,1.57471478384204,0.808725205090233,-0.3492313067728856,3.700833333333333
-1.5558196218693725,-16.3679230107968,9.22369194937548,-23.2706305232856,11.8447765860728,-9.46203714585895,-2.45044437416398,-16.9251520440555,1.38420847895884,-6.28773594816964,-13.0027093010697,9.69146098207319,-13.8865951585248,0.838361375836116,-13.5170724083842,-0.377910607106286,-7.85568149439455,-11.8038151924676,-4.76102594206856,0.618624412799665,0.993584598744375,-2.34367359429797,1.00460241382139,1.18821215709493,-1.04718376839983,-0.0355727659827232,0.664899774367373,2.12279575423083,-1.41674061492574,-0.3492313067728856,5.814166666666667
-0.770548588062511,-1.32278906321956,1.55276821126964,-2.27692070362638,2.99211739124618,-1.94706392017319,-0.480288250384527,-1.36238752318047,0.953242226598613,-2.32962885992389,-3.39355348115172,3.1284396921776,-3.57039373078107,-0.595198191474463,-3.98841505479623,0.995905842419722,-2.84378455855144,-4.82624611607161,-0.703883464864473,2.15221455770756,0.988493486888991,0.614968996752659,-0.195199717277462,0.590711261700839,-0.233377663885038,-0.164285286785183,-0.27749787053455,0.428610084734921,0.246393746180351,0.7262538793964243,16.172777777777778
-0.632345434624029,-8.7444146436792,-3.4204679837707,-4.85057473189452,6.60684578567387,-2.80054617200457,0.105511583647205,-3.26980129883546,0.940377922978903,-2.55869060182863,-3.62477471396623,5.26786160380362,-5.58369692598496,0.173895592410693,-6.67997675520914,2.08419914311417,-4.3488914455328,-8.76078602293495,-3.40754854415232,1.33293006548133,-1.81831542477292,0.102912553839685,0.311626102287519,-4.12919549979785,0.0346387321763146,-1.13363123097119,0.272265246225774,1.84130726881613,-1.79636258672205,2.5269119394222,17.995833333333334
0.46948936661246815,-1.90568213270409,0.913350729809495,-2.13864718086297,-0.456271406448299,-3.11857765018072,-1.06869250482136,-3.84618122261088,1.45143318319357,-2.54530668025659,-4.18240889686857,3.36115562385578,-5.51003180396136,-0.716784756071012,-5.32527103012639,-1.2436153498573,-3.1505473368402,-8.92094441480317,-3.81892850508751,0.875904660804659,0.840483347307887,1.20235231001818,1.0676229693218,0.0429564038748536,-0.0478751156972463,0.376573287269161,-0.112155882090985,0.875976909606095,0.300647627298676,0.12650096944379163,32.530277777777776
-0.684042637380615,1.14086473658976,1.22131743135767,-1.45295546048243,2.06757505760281,0.854742052227546,-0.981222507744598,0.325713913670098,-0.0377214068783676,0.113219371615132,-2.12697274994354,0.915947028928619,-0.468571538051367,-0.523377293666349,-4.86186658087283,0.421013353871263,0.866440624739209,4.08248488419359,1.1963181517001,-1.10076358353881,-0.0677120411898438,-0.377597095255037,-0.79345965987036,-0.132333171548173,-0.33158626897425,0.664877856718148,-0.309312434134138,0.099941947375597,0.122988311929089,-0.3492313067728856,17.31388888888889
-1.1349349002824551,-3.14025953779538,3.36734230912012,-2.77893140701488,3.85970067435928,-1.15951836286203,-0.721552487906327,-4.19534154281433,-0.59834584749232,-2.87014477203106,-5.29061006200618,3.82376208408163,-7.49227616878309,-1.52436747989794,-8.52767862203589,-0.391214524543396,-6.18087991000233,-9.6988394108884,-4.81823334077503,-0.871581688476025,0.0777814455070256,2.45233850455703,-0.292962575086153,-0.189330326319261,-0.166482104307702,0.0380396237066075,-0.0154765350217125,0.776691265853111,0.397557490298277,-0.3501908474594307,11.366111111111111
0.4475470100860476,0.949240654782111,1.33351901279168,-4.85540201400676,1.83500588341825,-1.05324529225553,-2.56282606985029,-2.2869856262026,0.260906489976679,-0.895365545923127,-4.54261203828437,2.45371037821171,-4.92519869522976,-1.20041197086128,-6.42437211273331,1.01489749133407,-3.12942132163446,-5.14703878335167,-1.81543652928925,0.520496923051347,0.424608328846183,0.306598169644708,-0.854626651528392,0.101176995923819,-0.281497410249515,0.0244439388949186,-0.107944111820021,0.625288550407281,0.315677390712111,-0.09335379036085648,32.240833333333335
-0.7738125662406254,-0.264868683737295,3.38613996883911,-3.4549969895002,4.36762905773351,3.33606042827178,-2.05391842272465,0.256890458421417,-2.95723544083265,-2.8557972336327,-2.8084555425423,1.84750351109611,-2.4148223375383,-2.57322454244165,-6.5991261303635,0.123470382678038,2.57237180761341,6.60936580903842,2.53066979960508,-3.60265725092653,0.482513022122587,-1.39450379366468,-0.166029306744804,-1.45208118338289,-0.251814670710545,1.24346054282121,0.45278677690471,0.13221807596169,0.42459946550375,-0.3492313067728856,16.129722222222224
-0.2637475376581311,-1.46489654758402,1.97552752738073,-1.07714453940265,2.81919063998449,0.069850228405671,-0.789043629709432,-1.19610144945515,0.673654375004339,-1.36372387646135,-2.9328952580311,0.301368829965399,-3.24614143685335,-0.465640147552938,-5.42936187944371,-1.30498291640657,-0.953623442669269,-2.72734300093373,-0.63643691865914,-0.927124072666602,0.048968800272123,0.174099465690177,-0.272505290211891,-0.0315494503920774,-0.406165929676999,0.157768979757404,-0.104392920359594,0.0737955599806211,-0.0415702518454821,-0.3492313067728856,22.858055555555556
1.2521913337242976,-1.60021129907252,-3.48813018118561,-6.45930280667571,3.24681566349703,-1.61460769860713,-1.26037454854632,0.288223321921388,-0.0489639910109505,-0.734974617920653,-4.44148408070017,2.94437484242405,-3.80546898374331,-2.10222683492697,-6.1061832734711,-0.641736399701777,-1.55596289626148,-2.08406707082134,0.394247352869229,0.0833797227600835,3.18935489592753,1.19117480721903,-0.96714144500067,-1.46342052446637,-0.624230851495284,-0.176461532068143,0.400348351070197,0.152946864261687,0.477774924576796,5.663610462876223,42.855
0.15372580028456365,-28.2550528932108,21.4672029942752,-26.8713387797136,11.7374361361796,-17.9996302850189,6.0659013519233,-41.5067960832574,-38.9872627434095,-13.4340663182301,-24.4031849699728,3.40932261990014,-9.60826735632918,-3.07631796817408,0.240060357919937,-2.83667693195872,-6.594756991638,-12.9575309948449,-5.61352195004329,-0.248828402209821,10.4407179813405,-21.4537362781468,8.36198519168435,4.90911112135878,0.0983279449493119,-1.50873912052995,0.0087112904784173,-5.4078236392388,-0.183811044930697,-0.35322939296682354,28.365
0.1654129479545861,-5.60369027985602,5.22219270751471,-7.51682997724608,8.11772427554261,-2.75685795265464,-1.57456462233583,-6.33034325040366,2.99841888080239,-4.50816689310713,-7.33437708370839,7.18872396524447,-10.6551809118898,2.59467986078199,-10.242859083204,-0.191158119172494,-5.50433407013933,-8.69777741257031,-1.93422536185434,1.95874993153475,0.227525994742654,1.24289620552409,0.428408392466797,-0.101183595116722,-0.520199121186447,-0.176937756589733,0.461449982566097,-0.106625180749266,-0.479661947808134,-0.35322939296682354,28.519166666666667
-0.8798602701437483,0.206075454303215,1.38735982061524,-1.045286987034,4.22868619369076,-1.64754917421782,-0.180896946218666,-2.94367757476862,0.859155533266087,-1.18174300683428,-3.09650359868717,3.20091235546057,-2.45083242908802,0.316619878616412,-6.39717031528651,-2.12972836543767,-2.42737307534442,-4.44847225233098,-1.21222044988735,0.0346554556282822,0.351484399563241,0.46919942584802,0.344930464195865,-0.203799378001586,0.376640378487856,0.715485489514387,0.226002880910544,0.628544616302757,0.319917987612491,-0.3501908474594307,14.730833333333333
-0.8253834214548328,-7.4279242314783,2.94820920837905,-8.67855038407896,5.18530347959595,-4.76108997261691,-0.95709501604379,-7.77337978477431,0.717309273781191,-3.68235923846278,-8.40315026242229,5.70520550718269,-8.6407464115182,-1.60292501896209,-9.46613912320431,0.137324186945341,-7.30324272860725,-12.4480392359586,-4.33283424125087,2.35202964025176,-0.123085015912889,-0.299847070706951,0.610478813685703,0.789022761446755,-0.564511939509452,0.201195825477742,-0.111225430586455,1.14459850910478,0.102279545438297,0.16828097017044327,15.449444444444444
-0.02023370764706819,-5.83919161928092,7.1515323543223,-12.8167600806187,7.03111476501099,-9.6512721679897,-2.93842725771624,-11.5432071690832,4.84362653179436,-3.49427572506535,-13.3207888671784,8.46024444901677,-17.003289445516,0.101556614891384,-14.094451660329,0.747030766392512,-12.6616957230679,-18.9124938172188,-6.62697484523061,4.00892074227194,0.0556838813863639,2.46205591127559,1.05486518382957,0.530480596078193,0.472669814042592,-0.275997967880675,0.282435024801752,0.104886020210564,0.254417096767513,0.9104057294892064,26.07027777777778
-0.7957128069195865,-2.33565492855671,2.22537994112476,-3.37945038583039,2.17853822878821,-3.56826371512658,0.316813583664713,-1.73494800330036,1.4491394338594,-1.98003348126993,-5.71150474047788,1.83721490161197,-4.5403416445233,0.747845860345767,-6.28431406964108,-0.128887216546494,-3.5632394063049,-7.36832064555377,-2.69295315786876,-0.450550113544917,0.274027122680488,0.78554012192761,0.29741198434836,0.308536146370564,-0.598415746387816,-0.121850330815637,-0.491018310202025,0.701606041424924,0.206966343288918,1.4226005517945979,15.840833333333334
-0.37813417935824295,1.14020795371139,1.15643107873873,-1.47157796740819,2.07627840454674,0.774809058745551,-1.00253195191231,0.264947929409663,0.0131622605764724,0.248835339320523,-2.10066651278309,0.763204840843787,-0.94491647902938,-1.41903447142202,-4.68361969585018,0.51928230124953,0.908454083367609,4.13366666889167,1.30620452511785,-1.09471647432252,-0.125097258302807,-0.387894980568907,-0.866811936205838,-0.121582639900783,-0.356108586349469,0.634572810783188,-0.306311023397994,0.0940868179231164,0.121064728484123,-0.3492313067728856,21.349166666666665
-1.1165513328663657,-7.22273130585545,6.15577293013926,-10.8264598371575,4.1807791786876,-6.12355510135628,-3.11413648152623,-6.89511228298774,5.16151637665229,-2.51647653288733,-6.40337055173194,3.18605794805635,-6.85557098142662,-0.837722614772195,-8.03661487513855,0.956969643768367,-4.55719345408278,-7.65470424350142,-2.58841864362628,0.718555009324824,0.818859416826789,0.91270032192132,-0.630358133073199,0.190886662173033,-0.0612634320139128,0.379774656663009,-0.266845465234688,1.19369457713473,0.257468457389868,0.046539245565032535,11.608611111111111
1.5695131864082053,1.37855899734127,1.28938093711056,-5.00424678441137,1.4118498419441,0.442580635567782,-1.3265359338336,-1.41316995590712,0.248525467627175,-1.12739593417081,-3.23215317539514,2.8584658156696,-3.09691489835154,-0.792532436177748,-5.21014084572584,-0.613803263850514,-2.15529688535221,-3.26711568106648,-0.68850546268346,0.737657217477667,0.226137945500703,0.370611857232494,0.0282344454140697,-0.145640429197154,-0.0810494069107769,0.521874501959455,0.739467256056059,0.389151843520624,0.186636547522687,-0.3501908474594307,47.04083333333333
-0.7256741525943707,-3.97521647515777,0.581573270980264,-1.88037210743636,4.31924127992395,-3.02432976021596,1.24079277107972,-1.90955892631241,0.660717557074542,-2.7526105653686,-3.55038539904852,4.83896418696128,-6.04023537903875,-0.374460483695606,-6.22194535944177,0.958758443736388,-5.07364263456328,-10.441008666182,-3.75552460094433,0.606452965011177,-0.656511434265513,0.578984295739867,1.39731081981072,1.04532195036713,-0.303999869268857,0.0052949592507338,0.235435243641064,0.962014797484666,-0.67355739317081,1.465180169760037,16.764722222222222
1.2390301313931913,-5.19249642644832,3.16472117285823,-5.04767906023322,2.24659736005894,-4.01178140454907,-0.638908044905701,-2.87346326933044,1.57631757306221,-2.86198599107206,-2.12045759469323,1.86359573670074,-3.62025176254298,-1.48071442178696,-1.58334340543936,-1.23046922211011,-1.20229796977375,-6.16763653803023,-2.65153904856573,0.0135877061935761,-1.85046996353398,1.16724379365826,-1.00661749345659,0.774561804390922,0.063396916565373,-0.390657771499997,1.8847406746985,-1.74255751463748,-0.08221593472572,0.637736251062638,42.68138888888889
1.0534255916389965,-6.42330645645221,1.65851450876035,-5.86643956435658,2.05206440242466,-0.615816842763718,-3.37226571107575,-5.03655575494585,2.64310601464633,-2.27463004673333,-7.04922935969585,3.9168025570096,-4.48127959922503,-1.02747932747206,-7.11387278226069,-0.852775229881616,-3.83955997447082,-5.05600998750159,-1.34449753083319,1.14847293881065,-0.713515810779757,0.641210915884323,-0.256678382381229,-2.33723276414845,-0.158277898470348,1.19879744465828,-0.261257806694643,0.78012548401824,-0.731800816194097,-0.35322939296682354,40.23305555555555
1.3969856172901978,-3.38760102859385,3.97788074139497,-6.97858506511079,1.65776584508859,-1.10049973277578,-3.59948697320315,-3.68665071042962,1.94225222492139,-3.06508926692316,-7.50955747436829,2.98962640655731,-5.99363242425938,-0.164740077677312,-8.38844296921614,0.0421289980360236,-4.13750050093113,-6.1039030730781,-1.9729278028075,0.434072536887008,-0.0043005898337158,1.043587159264,0.26218867442789,-0.479223920984096,-0.326638199739289,-0.156938590387884,0.113806571374194,0.354124259953911,0.287592125204715,-0.35171012021312714,44.765
0.13685840337701768,-25.825982149082,19.1672390103062,-25.3902293121699,11.1254347149714,-16.6826439195391,3.93369943022963,-37.0603114554112,-28.7597989339836,-11.1266235224579,-23.2282548357516,3.7859770496129,-10.5224940129243,-2.65749636392801,-3.79279543594993,-4.49894467676621,-6.55787310177539,-12.8672447953713,-5.80459047549908,-1.25446534452587,7.90737812724062,-16.9220157786505,5.70368400806478,3.51001884069223,0.0543302268964685,-0.671983312405663,-0.209431359115655,-4.95002186384908,-0.448412770754799,-0.344113756444645,28.1425
-1.4234073974565773,-25.2663550194138,14.3232538097233,-26.8236729135114,6.34924780743689,-18.664250613469,-4.64740304866878,-17.9712120192706,16.6331030618556,-3.76835097141465,-8.303239351259,4.78325736701241,-6.6992520739678,0.846767864669643,-6.57627643636006,-0.0623303798952992,-5.96165987257541,-12.2184817176797,-4.79184198325342,0.894853521838799,1.65828884445902,1.78070097046593,-1.86131814726914,-1.18816729293127,0.156667050663465,1.76819198236914,-0.219916008250323,1.41185477685432,0.414656383638367,0.046539245565032535,7.560833333333333
-1.3923890758026258,-29.2003285905744,16.1557014298057,-30.0137124857248,6.47673117996833,-21.2258096535165,-4.90299739658728,-19.791248405247,19.1683273897301,-3.61724178604255,-7.87012194292549,4.06625507293473,-5.66149242261771,1.29295014454242,-5.07984568135779,-0.126522740416921,-5.24447151974264,-11.2749725851252,-4.67843652929376,0.650807370688892,1.71586182428358,1.8093709332884,-2.17581520342142,-1.3651041075509,0.174286359566544,2.10386807204715,-0.209943999130567,1.27868097084218,0.372392714338541,0.046539245565032535,7.97
-1.811104831245377,-4.61721720415581,1.69569365346656,-3.11437220079491,4.32819855298178,-1.87325699086527,-0.989908135538263,-4.57726462658038,0.4722161584519,0.472016953377646,-5.57602263642415,4.80232276125089,-10.833164469314,0.104303875698575,-9.40542306160986,-0.80747786866047,-7.55234220350747,-9.8025617903912,-4.12062883466552,1.74050729036196,-0.0390459343384186,0.481829697240067,0.146023056445948,0.117038527549065,-0.21756459883966,-0.138776043706563,-0.424452881068275,-1.00204142597227,0.890780287970655,-0.3488314981534918,2.4466666666666668
-1.4039498759302698,-27.1436784229495,15.3658043803315,-28.4074244550982,6.37089534679314,-20.0878775718571,-4.66631306343841,-18.7094788213717,17.9035743750222,-3.72227873753244,-8.12096173759343,4.41994345577668,-6.21094112120869,1.06383739513242,-5.84352838067721,-0.108836449172905,-5.60659732565665,-11.7562556050179,-4.71494676131661,0.783577593799492,1.70388764553958,1.79682638880552,-1.96097371657716,-0.90224745220798,0.144011442167384,2.02438803943008,-0.204214065769385,1.33215305903359,0.385890728011147,0.046539245565032535,7.8175
-0.7961339653941819,-1.27124419171437,2.46267526851135,-2.85139500331783,2.3244800653478,-1.37224488981369,-0.948195686538643,-3.06523436172054,1.16692694787211,-2.26877058844813,-4.88114292689057,2.25514748870463,-4.68638689759229,0.652374668512965,-6.17428834800643,0.594379608016446,-4.84969238709652,-6.53652073527011,-3.11909388163881,1.71549441975915,0.560478075726644,0.652941051330455,0.0819309763507574,-0.221347831198339,-0.523582159233306,0.224228161862968,0.756334522703558,0.632800477330469,0.250187092757197,-0.35318941210488414,15.835277777777778
0.7245639967511749,1.17782379154942,2.48710339519253,-5.33060816051087,5.32454683526606,1.15024325844862,-1.28184253527583,-1.17199420002259,0.413778202141836,-2.6598401542684,-2.9716952359177,3.6195974073081,-4.47804406487578,-2.03418448611283,-7.77219735461502,-1.20149274946259,-0.509866916309607,-1.30436979397668,0.495999534593581,-1.35984389291856,0.156057238983783,0.262325116604754,-0.431790202566124,-0.092088065214941,0.145215897986796,0.457788410050576,0.167739067416406,0.451242541470912,0.268421209703893,-0.3337587132023457,35.895
-1.4367581211012517,-19.8563223334433,12.0958932259299,-22.4640827464876,6.11554110191771,-15.1480215209615,-4.34672408349599,-15.6485074722661,13.2768048056341,-3.97416161954102,-8.85919405880884,5.73081553744459,-8.08803351213651,0.230824969324902,-8.57897327333454,0.000946636693186,-6.94774606726094,-13.4728970076501,-4.94021082886802,1.23014255193802,1.58292955492187,1.75072984045421,-1.40963570908141,-0.809809278333882,0.121396659905885,1.35030007077468,-0.224291873525585,1.59762136835254,0.476919818025438,0.046539245565032535,7.384722222222222
1.2589509272415538,0.667713641374798,3.04150237620527,-5.84511195572955,5.9675870384467,0.213863332794167,-1.46292281110712,-2.68876058357809,0.677763512400754,-3.44759589638668,-4.70757080611204,4.90581986504193,-5.20837397192841,0.532498380473016,-10.5440113995705,-1.3074187011067,-2.1335934878907,-5.13308149079721,-1.06215078075411,-0.819371096333784,0.558424597641949,0.32976014592914,-0.941383471890008,-0.0060746623400234,-0.958925352213278,0.239297864946551,-0.0673556786513241,0.821047585911653,0.426175251596766,-0.32628229201968173,42.94416666666667
-0.434948457581163,-1.54878809850026,1.80869795041448,-0.953509033832342,2.21308539346999,-2.01572779170327,-0.913456844516923,-2.35601298316433,1.19716896702387,-1.67837405659509,-3.53865023182429,3.1020899271543,-3.99337305447702,-1.93741062327519,-3.82289410599595,0.830970110708369,-2.47535885382925,-5.21187516766885,-0.413871678166879,0.933262164554872,0.390785963777347,0.855138263312025,0.77474482148342,0.0590371520063436,0.343199807900813,-0.468937928609185,-0.278337986906642,0.625922215184372,0.395573378256676,-0.045616641205237306,20.599722222222223
-0.7579138338246489,-4.38422089880268,3.26466481012305,-3.07715801666012,3.40359359659281,-1.93807528041028,-1.2210812776781,-3.3103166090276,-1.11197501012863,-1.97759328056305,-3.28820356526528,2.88609147657536,-6.84897793447677,-1.02923459062256,-7.46010298330266,0.0559060176229105,-4.33478342671028,-9.87456039324105,-3.54190332932228,-0.531558760456647,-0.141533268810834,2.07638272101207,-0.990302787008607,-0.330358452316133,0.158377625833497,0.0063514462492984,-0.493860013315231,-1.53765237842389,-0.994022490842227,-0.17075673907549527,16.339444444444446
-0.06864587430180993,-5.10025566317088,3.63344238024837,-3.84391862443125,0.183208447320966,-1.18399737637674,1.6021393332506,-3.00595315203476,-8.64503780175356,1.28545810732477,-3.71748137540216,3.71921153916465,-5.03402974701745,0.918999158233287,-4.22036591807154,-1.05049995739584,-1.69104526842648,-2.37242320724166,0.450098503348706,0.407805060819919,-2.80630192287329,8.28043932580154,-2.79714954096118,1.09070659271567,-0.159259597476933,0.532156369375709,-0.497125808167425,0.943621624807946,0.553580691756943,0.6911506826136491,25.43166666666667
-0.9193649350607972,-11.2054613927303,7.91463349246877,-13.9877516388388,4.33334117975523,-8.48496952268505,-3.50656117309394,-8.93524303241605,7.70444915069923,-2.33658417970129,-5.92735916911943,2.47040101557896,-5.7885170305197,-0.391939257057427,-6.52746224116063,0.899859362283244,-3.84729284231041,-6.70063744821132,-2.49261610727828,0.469554313978012,0.860911741764656,0.942593331002491,-0.987848114682141,-0.279446305433771,-0.0272992246723051,0.644344195524188,-0.263077923082484,1.08402252771111,0.211933356664813,0.046539245565032535,14.209722222222222
-1.5659274252596622,-15.8191787207718,8.7759971528627,-22.8046864614815,11.8648680803607,-9.09236053189517,-2.38689320657655,-16.5603681078199,0.948348594786058,-6.31065843275059,-13.0888909176936,9.81570317447819,-14.0560611837648,0.777191846436601,-13.7610179615936,-0.353635939812489,-7.95744722625995,-11.9629542349435,-4.7805077876172,0.652498045264831,0.992278949261366,-2.35063374523783,1.03636187430048,1.13605073696052,-1.0434137405139,-0.10892334328198,0.657436778462222,2.13642447085514,-1.41194537483904,-0.3492313067728856,5.680833333333333
-0.02023370764706819,-6.18585747765758,7.10298492227346,-13.0304552638937,8.01082339822486,-7.88523736131971,-3.97454999359808,-12.2296077786617,4.9712317023058,-4.24830701294998,-12.9654812039222,8.68830799242781,-17.1829184301947,0.0695769150313325,-14.1161560074304,0.959031717400206,-12.3753337375636,-18.716764511809,-6.52201457322122,3.51795494036344,0.483930108481186,2.50277241039945,0.481691289576756,0.480957977547458,0.360318638811951,-0.293354295977635,-0.199193157971208,-0.203917328209747,0.398927185850218,-0.17371532285900937,26.07027777777778
0.02782047430426746,-1.95293262584861,3.54138524292281,-1.31056140773257,5.95566359407,-1.00399266347247,0.983049267722507,-4.58723460197373,-4.89218360319852,-2.51675203271071,-2.85032390160027,2.02467408050134,-6.48774641306604,2.37646259977422,-2.24151634571345,-0.566869734947616,-3.93685691797738,-6.12719357199364,-2.32855196140235,1.56212955232854,1.96502978343686,-1.99809122812016,1.13370623369264,-0.041460872197789,-0.215378738296157,-0.865598577097396,0.212544577403768,0.532896738259478,0.357891632792824,-0.2774256787297599,26.704166666666666
-0.5602852196207554,-13.1926709562391,12.785970638298,-9.90665002092758,3.32033688288942,-4.80117593230105,5.76005855618556,-18.7508891580107,-37.3534426378925,-0.391539743919107,-5.05250236713858,4.40680552357904,-4.61075647740608,-1.90948796970811,-9.07271093398351,-0.226074450896345,-6.21155748212485,-6.24814535335983,-3.14924669470095,0.0515761185277783,-3.49304991519446,27.2028391573154,-8.88701714094871,5.30360690376998,-0.639434802306313,0.263203123457008,-0.108876929971315,1.26956635541013,0.939407362758877,-0.3492313067728856,18.94638888888889
1.2106861660529205,-5.22296817637504,4.64182734988813,-8.85820420925725,7.72350199432307,-1.50703495625849,-2.15948357376289,-4.20516409588397,0.979334284202064,-1.50563737438727,-2.23906626105695,4.23139330449617,-8.49348798082106,-1.09281084673483,-13.2375585139603,1.1840864824863,-4.18641517783122,-5.49253578625626,-1.21610811302066,1.04610451099676,-0.176673248133323,0.561892173950775,0.624206816460912,0.536428910734314,-0.628333712411096,-0.222651230551295,0.382208361920644,-2.6930356893785,0.407935125898827,-0.3492313067728856,42.3075
-0.4735265738541021,-4.19873460983989,0.194120636801706,-3.91758567828042,3.92074784640417,-1.87548574659158,-2.11893292738694,-3.61444510993627,1.68788446543007,-2.18987113590881,-4.68423332514029,4.37690666362302,-5.00744082816051,-1.30474507803596,-6.19247526385522,1.00240426741391,-3.31693430074553,-6.18883415213498,-1.04041264854272,1.23304434947994,1.0033504305956,0.801312235949018,-0.183000576489906,-0.440386862411508,0.292539411877521,-0.144967421927777,-0.251743981877142,1.24941367428483,-0.131524643545312,0.6019133987649539,20.090833333333332
0.0485835871018209,-17.9762660516057,12.864988563015,-19.5750661905691,11.3451198184298,-13.9986456031027,-0.35489996091484,-23.7834698823143,-4.87235340557097,-8.50428479375643,-16.6011969664137,5.56925817499418,-13.9322487527403,-0.204854827407058,-7.58102324741972,-1.01361239001659,-9.01481328062598,-16.0920320589503,-6.05014766257303,1.66102935873752,2.41992113013135,-4.30043186631826,2.8657718597682,1.48930201538756,0.386039288843108,-0.232391836340479,0.413826703027495,-3.25598090607432,-0.538963227046118,-0.3186859282511996,26.978055555555557
-1.000774868200089,-2.51799704503847,-0.448795889221032,-2.56474940212172,-1.45910544639456,-1.86000531965808,-1.0742264203417,0.471881470551324,-0.229665766961124,0.161960497234588,-3.73839947035638,0.438679713387169,-3.62305798499506,-1.21609995078097,-2.64583750263598,0.951241206708072,-2.57993630312329,-5.87129639886216,-2.12696567448733,1.05191657431802,-0.55008256937739,-0.25553267551551,-1.08501269438061,-0.442375916190092,-0.554642163280576,0.186160113798823,-0.403689953920675,1.08929704734487,-0.0410941845454616,1.9936472028747558,13.135833333333334
-1.809462313194455,-2.53585211738111,5.79364414692454,-7.61846283574893,6.39582974649419,-0.0652101046678037,-3.13637196409103,-3.10455736262141,1.82323263760971,-3.87865758023391,-7.29780335001461,7.07166913682445,-10.001046368327,-0.207934540884304,-10.8606980453666,-1.69082504118249,-2.36085672411086,-2.76009701528795,0.29810341564323,-1.38555780172735,0.408704184487524,0.716719907055995,-0.448059938458541,-0.402406878680357,-0.288835222564699,1.01175223958707,0.425964621387216,0.413139555823146,0.308204656968305,-0.3492313067728856,2.4683333333333333
1.5272078176350967,-1.37442438802593,2.79318461104641,-4.34657205544607,2.40073141993213,-1.68843271426041,0.111136092520939,-0.922037621262745,-2.14992997529601,-2.02747375610927,-4.39084192218279,1.24195817554592,-3.91052150018815,-1.22563629923953,-4.69799687128777,0.676108304106939,-2.07706554161602,-2.68352089790884,-0.525949332550218,0.42234244481934,0.650195855719888,-0.870778521555015,0.50484915999462,0.13799426850986,0.36827456897565,0.103136654803567,-0.414208828090744,0.454981584858352,0.0967109642319915,1.0424225356130377,46.48277777777778
0.8079954905685245,-1.21268170063531,-2.48482353043406,-6.39718581511927,3.67056244781436,-0.863375060980971,-1.85585473063724,1.01773157976221,-0.54470377516891,-1.70337804998263,-3.73965947930309,1.73812401383737,-2.84444933585435,0.765863961245672,-4.79973713485762,-0.0113354116437183,-2.69316808210374,-3.16695515760391,-1.06780011996093,-0.559132202274595,2.90837394592783,1.39687206274272,0.0920728715219574,-1.49288249863592,-0.204227396265286,0.532510949154644,-0.293871104406878,0.212663059827185,0.431094707976035,4.984215675940346,36.995555555555555
-1.1123397481204116,-4.56634156694274,3.35345148012501,-4.57202780762531,3.61611930403552,-2.49313810882875,-1.0899997127127,-5.55143306976649,0.44778308394893,-2.42441402571208,-5.69992228265959,3.58682418337431,-6.63622904939297,-1.1281764439465,-7.24554959537009,0.638325536245456,-6.85681003898144,-8.85187850534679,-4.5918832274368,0.936939858866071,-0.249127726683026,2.67446587862872,-0.0208799797343963,-0.302447083877198,-0.0863964000107124,-0.516059779833395,-0.295102234035121,0.195985145691014,0.141115102721758,-0.3492313067728856,11.664166666666667
-0.019686201630094165,-13.0865194204794,7.35214833905529,-18.256576111808,10.6485054461688,-11.7314764509112,-3.65916740569145,-14.8736579646075,8.81047267511276,-5.4182040716445,-13.2025771482197,6.35722736343626,-15.5316111795156,0.659694875353275,-11.4123295951252,-2.44757607431839,-9.83374302098841,-18.1746174349071,-7.269904593126,0.623796611777714,-1.37629840858733,2.7611570593153,-0.266161809571132,-0.412860724865388,0.519952215674181,-0.743908960008006,-0.167808225140728,-2.498300252188,-0.711066151912636,-0.23204740042856412,26.0775
-1.3152749591042072,1.08594135471201,0.879976384178893,-0.0075462655778966,3.03789909048213,0.121623219431483,-0.365970430924909,-0.0312534680104465,0.122723128030951,-0.536382398800594,-0.373097399617509,1.60588693998672,0.298533714821922,-0.631380974049249,-2.56434528965277,-1.317916903081,1.0869915733045,1.71796494479531,1.08771655683495,-0.792483509464041,-0.117370228530085,-0.163396006850547,-0.295544640468612,-0.102110590541341,0.329749004838956,0.562622758381893,0.0496219967306018,0.0356765980839813,0.0689140317805304,-0.3492313067728856,8.987222222222222
1.2813355001662996,-1.92861326665902,4.60150558710842,-7.12405297794577,5.71608803673092,1.0265785454506,-3.18907306708797,-2.26189690158112,1.18509635557546,-4.4419416151592,-6.64615382952148,3.8278680907164,-6.51864882248249,0.25113654845891,-12.4567059527055,-0.649166482109423,-1.28314500024635,-2.71855972503703,-0.0854660890712058,-2.09738547120766,0.328795983029392,0.602290585417557,-0.541287465014078,-0.354639278954951,-0.701492058320209,-0.0309729820836431,0.03406987758686,0.57339303199888,0.294686316081238,-0.35015086659749134,43.239444444444445
1.0022548369756548,-1.17218291948653,1.66171286952217,-3.04963701906308,2.55505843390024,3.66903461419474,-3.16299837227475,-5.98564011625334,-2.17993523861597,-1.12029227657092,-3.07555830950402,0.997448763245357,-3.19191476820242,-1.51485677577243,-4.2672960668817,-0.159553975172285,-2.91646262843242,-2.81990611139418,-1.41723080093652,0.32519494288717,0.548106363466502,-0.812097797287015,-0.295360725931063,-5.98880644277407,0.714380801225346,-1.60002359150788,-0.634782934267927,0.822713228036362,0.494375178430933,-0.3452332205789476,39.558055555555555
1.165011529483049,-2.15085504470997,2.18791662800118,-3.43051589218087,0.119476214172018,-0.173210022248717,0.290699943542092,-2.80898761953492,-2.67935050574045,-0.556684932588288,-4.48548270396242,1.90399926160786,-2.64421945060054,-0.982272877372442,-4.69115085524464,-0.6930797524851,-2.55325078310516,-3.48343626722796,-0.0648523857005649,1.49032876283779,0.53214542192165,-0.0732053058243562,0.561496277430611,-0.0750342624995709,-0.437619179374193,0.353840756362622,-0.521338535540234,0.144464860203719,0.02658811547881,-0.1533250832699258,41.705
-1.4169847307189973,-26.6199521452086,14.8455447406263,-27.7470835325313,6.40810498281617,-19.0257413024853,-5.05320921097892,-19.0419604323609,17.5737124124331,-3.69586273956123,-8.09804759044116,4.5243215285123,-6.31480012039277,0.98325124569408,-6.05212557763744,-0.0999102348871289,-5.77245553937592,-11.881959902271,-4.74460275921372,0.809987772570868,1.84005520460596,1.85320904035127,-1.98556667726793,-1.21012274607896,0.150261280456044,1.8792617582138,-0.225018716888667,1.25738001893244,0.451776825042051,-0.3492313067728856,7.645555555555555
-1.124848154815895,-14.9703456545046,8.40142101040258,-16.8672384869515,8.25233430637468,-13.5651304873758,-2.78243755853826,-14.2637353490007,9.64341914576661,-7.70149868394332,-14.2266980575287,5.61099879659254,-11.7939788348294,1.59838653001563,-11.6069703760766,-0.0441804437896824,-9.28695473739369,-19.8997264249367,-7.518050849236,1.24351749943488,-1.61466005601289,2.71404480183882,-0.101355310559619,-0.439665974014017,0.519513861479409,0.789327982433797,0.0643574266343142,-1.62138568643941,-1.10481920857705,0.7382881188401774,11.499166666666667
-0.01915975353684991,-11.3206331107815,7.1919501426236,-13.1790825454686,9.09955188204157,-10.094748875094,-2.44011507020033,-14.1843372950953,4.45250293397358,-6.24196000276902,-12.618162687238,6.05731930477932,-15.7176066468772,0.117817409556609,-8.65374335706751,-2.50255377627617,-11.2313644545234,-21.5851521412337,-9.09089206099764,1.17118873250237,-0.180934725269677,1.08223532776525,-0.350562500439559,0.483043945803059,0.661132920850802,-0.396521511995203,-0.413315388408682,-0.997547797965388,-0.235035882545031,-0.2015819836307569,26.084444444444443
-1.1303021570619056,-4.59561704249556,5.08369023030901,-7.58101461744265,7.54603279503791,-6.94916456384443,-1.72918492987346,-8.19019171984817,2.71466961013434,-7.08316933143187,-11.1412776902967,7.38185937432083,-14.4686550955305,0.299659909360646,-13.602211465597,0.516112699650764,-13.5632729563133,-23.8156358284126,-9.17055721888169,3.66952343976659,1.68216030642087,2.24897122592187,0.566843572297808,0.0337440528595468,0.591783408003629,0.334228764687698,0.386801106292112,2.16389776726335,0.983103834042297,1.0065597024534143,11.427222222222222
0.1819644760061855,-4.05305866534312,2.28841035754532,-3.09542036405943,2.80681635146044,-2.21264175364631,-0.912676673128189,-4.27689708180552,0.83025126515528,0.579515486598675,-3.8931393294643,4.05962364969687,-6.45638409898745,0.100816479839235,-4.16492048924119,0.753895544019915,-2.93878537758965,-2.38693758550474,0.603139820468989,3.07198225873488,-0.641033140997185,1.39423305978655,0.462131065223442,0.181426926909792,-0.212616072482386,-0.56763061468551,0.493028778185019,-0.678448917684011,0.633462868362253,-0.34715230195203783,28.7375
-1.128428001849956,-9.00135134450649,6.61328394324752,-12.4236347238918,7.51992923163014,-10.2662546389665,-2.11320754204122,-9.98428744767688,5.54194143253089,-7.38370453522347,-13.2151722995049,6.89518136811315,-13.2796997105282,0.755263578785977,-13.4170122721265,-0.210774362111057,-10.9226551270595,-21.90649321637,-8.82981976595275,1.85246698871594,-0.645393857931055,1.7758908996538,-1.22475761150578,0.0825935414630254,0.452088727391883,0.463827332847796,-0.296928065001458,0.526505578079938,-0.450890488772313,1.4821720360842734,11.451944444444445
-0.64691751784503,-6.13398694801985,2.94149944882418,-5.59398556768425,3.25884522291112,-5.31551221858167,-0.637327763117765,-4.47648804491816,1.69599358704814,-1.60674315131804,-5.11725920989043,3.97722223959189,-8.06609609331146,-0.760887591756867,-8.66077095912039,2.22023798968633,-6.23759654204862,-11.0463816554829,-4.15587936834903,1.76361087438004,-0.815086315781228,0.86833985051032,0.793736498280638,0.217346586657621,-0.0219850652442062,0.145881913923651,0.665087660642875,-1.68418604869422,0.31019546302906,0.8258062256254792,17.80361111111111
-0.022571137181072686,-3.29112509261551,4.4011941515981,-8.39421162258901,4.45357956949695,-4.79005451824953,-4.24018208232724,-9.21900099642753,1.97402995723142,-2.91294270907847,-13.540168238225,9.41303953977606,-18.0475965708216,-0.728186553999085,-15.3930448312636,0.3494850489774,-13.30388757707,-21.2979057823155,-7.26231079476482,2.27422550991903,1.4908691418867,2.10234346771868,0.597370314627801,-0.328086184026121,0.445752402449364,0.585280580866405,-0.399005421878678,2.11600444233121,1.05074380386505,-0.3492313067728856,26.039444444444445
-1.4445074370338071,-17.9506309618309,11.0670686608049,-20.7426595223452,6.07553050760549,-13.3897649672385,-4.53288835377002,-15.1881457975285,12.1010620553144,-4.02687989330881,-9.01741297442937,6.07064975176212,-8.56786450085983,-0.0019002661806679,-9.30123300164911,0.0197959820179134,-7.35212004645984,-13.923225303931,-4.98830380644959,1.34765631107896,1.71290938237055,1.7971341252338,-1.27567465936041,-0.705045810296498,0.102039840024336,1.17747721389029,-0.23873007615266,1.55446335204436,0.547947820129286,-0.3492313067728856,7.2825
0.5564375336926894,-2.62892199481027,2.2756363708417,-3.74536934909195,1.22694819658893,-1.13296649495042,-1.25635309994595,-1.75241984877631,0.281736387178617,-1.7923429718137,-4.82077941422469,4.17609762346479,-4.61900987976999,0.742689541505504,-7.63696288811138,-0.197887605182768,-4.14039566725884,-7.60471483249934,-1.52450539738207,1.27132193138436,0.133106474791523,0.870729582435536,1.26947278909845,-0.265494007565328,-0.480548610900827,0.169665130870596,0.0960810570397914,0.0700362725602789,0.0637683649579152,0.2249738324004835,33.67722222222222
-1.4380637123724975,-18.474867903441,11.5863805198184,-21.4029168131391,6.03851541556808,-14.4511581398683,-4.14652350569915,-14.856123673178,12.4311404723263,-4.05335328722588,-9.04039624894471,5.96620250720685,-8.46396612952571,0.0786921317878341,-9.09253265181295,0.0108220973904713,-7.1863755078292,-13.7974745003699,-4.95849390971089,1.32116655982617,1.5779244011474,1.74113559593371,-1.25113794883836,-0.396219126116475,0.0957055555718895,1.32275094272025,-0.217954564863573,1.62879253147016,0.482248274865402,0.046539245565032535,7.3675
-1.4294720794907512,-22.5616992591298,13.2089042844176,-24.6438187771226,6.23253182330679,-16.905611362323,-4.49743871970001,-16.8101841919321,14.9551067734604,-3.87129682308601,-8.58126551626339,5.25698760960799,-7.39361499215009,0.538800829120431,-7.57755201800709,-0.030725531904052,-6.45478323655342,-12.8456565242928,-4.86591773720169,1.06244185030067,1.62144422472126,1.76598663639159,-1.6355166467436,-0.998316503452087,0.138972227361725,1.55935014018173,-0.22212451669,1.5044246600224,0.445919826109776,0.046539245565032535,7.480833333333333
-1.7621872744211207,-1.42662331260887,4.14198623236944,-9.80410344235714,6.66627300324451,-4.74952679326515,-2.07312900595144,-10.0899311630826,2.79134529885187,-3.2495156171301,-11.4204509744097,10.8530116481991,-15.969207520809,0.546690084634152,-14.690729133641,0.91233739988339,-12.2271892780267,-18.5873662058916,-6.92076186060174,3.16699890688552,1.41067765264616,1.86567876848945,0.407809281593599,0.605809354312964,-0.769348118123441,-1.7463368287861,0.502039516709683,1.9772583297728,0.711606531209485,-0.3492313067728856,3.0919444444444446
-0.009473108621155607,-15.1920640113629,10.4325276778611,-19.6295152518171,8.04607504591293,-12.8381666152727,-1.87585874614533,-21.3597382791388,-3.71784952676935,-5.96978174909567,-17.1415136412892,5.90239975502551,-13.5801472568557,-0.45140689941267,-8.33476258691073,-2.02514468652193,-10.1963336944105,-17.2709851692259,-7.07909577930568,1.51769533116994,1.65747618417276,-3.47409650326971,1.76544551266317,1.70125678162665,0.381586805077026,-1.41341748729956,-1.0230778939005,-2.63476129227348,-0.463930546269812,-0.3492313067728856,26.212222222222223
-1.0617586153215035,-4.61746102917986,3.66339525318756,-5.29744641020372,3.88095965427288,-3.26355091342907,-0.918546733700683,-5.7152620778107,0.831039550183167,-2.45703377841015,-5.72681709632961,3.52572598717089,-6.48911156043177,-1.01279063167124,-7.05231095228929,0.78444540329242,-6.77397674966222,-8.58807007314333,-4.51089174541971,1.14787783834912,-0.34645583270524,2.69817489528664,-0.0270808907137453,0.366775230313112,-0.123011441662663,-0.300456526768528,-0.239996239629945,-0.183463054061235,-0.0733597031884566,-0.3492313067728856,12.331388888888888
0.9504944604478797,-2.92194437582996,-0.228062380877632,-5.87728864550113,2.20188352154659,-1.93543987294876,0.631140872429647,-1.24510634194653,1.51134802001741,-1.89998665663916,-6.42823083022309,4.22915426403483,-5.29231414644205,-0.888086758827616,-7.67225031168781,0.547571031984509,-4.30705980241373,-5.70117436362661,-1.7728029372439,-0.193132205838334,2.23073487215795,1.4416222749673,0.895527948704547,1.38551112812,-2.02802422921896,0.50913097167708,0.172642921018111,0.726781012281488,0.234513922496959,2.5382265233510446,38.875277777777775
-1.2752227881701843,0.539275913891047,1.5548897630737,-2.06618033324968,3.24161746276725,0.184735711234243,0.0283295594064726,-1.51552137985061,0.537035374444064,-1.99984603560986,-2.13317644293659,2.75617194535395,-2.24286436771513,0.615204246860345,-4.65280380668112,0.222163815521883,-0.775666019840941,-3.21861825150599,-0.370992501046414,-0.686196723569762,0.302734578907132,0.371773459120687,0.111954592156869,-0.305225078771695,-1.05383526243402,0.77117490696746,0.240878213732036,0.418434531995645,0.232169715166482,-0.27718579355812367,9.515555555555556
0.1627385916409053,-1.45687631770562,3.74030556080113,-7.40451844591174,7.44096403590735,-1.5498779534738,-1.66169686169337,-5.75721301357641,1.61501101078404,-2.19488072574389,-6.80713525144464,6.82579316213884,-10.3997491177692,1.83644883978883,-11.872845098188,-3.6423925983095,-6.0441031440521,-9.75077638654123,-3.11637225405711,0.0653171492484702,0.529557330911833,0.957897451629944,0.145339479676781,-0.0447039008346728,-0.544961671329029,-0.757756535554721,-0.005352369235898,0.318152285707546,-0.323553622642371,-0.344113756444645,28.483888888888888
0.7339558307346524,0.753356012421118,2.28498795250353,-5.16449200355315,3.8311119987993,-0.0736224923058734,-1.31659594586445,-1.85549544374527,0.83107909886574,-1.56751414502076,-3.22455914814995,3.36955824955852,-3.46854525803227,-1.38357106785405,-6.0205789709702,0.309601855257659,-2.61776696028245,-1.31075238207209,0.409659909693325,2.36229077589933,0.285792259895482,0.382006845522224,0.0339580452530082,0.187696850240103,0.358433465751075,-0.488933827051834,-0.258802387138951,0.296145453458912,-0.0471736659782491,-0.3452332205789476,36.01888888888889
-0.5602852196207554,-13.1926709562391,12.785970638298,-9.90665002092758,3.32033688288942,-4.80117593230105,5.76005855618556,-18.7508891580107,-37.3534426378925,-0.391539743919107,-5.05250236713858,4.40680552357904,-4.61075647740608,-1.90948796970811,-9.07271093398351,-0.226074450896345,-6.21155748212485,-6.24814535335983,-3.14924669470095,0.0515761185277783,-3.49304991519446,27.2028391573154,-8.88701714094871,5.30360690376998,-0.639434802306313,0.263203123457008,-0.108876929971315,1.26956635541013,0.939407362758877,-0.3492313067728856,18.94638888888889
-0.020844387435231527,-3.63280894927825,5.43726336227612,-9.13652148062595,10.3072263079132,-5.42183029451154,-2.86481514933136,-10.6340876212042,3.01812657999175,-4.89164032107494,-11.2350479111446,8.78878366710272,-18.5536970096458,-0.339533407676443,-15.6231873302985,-0.188978574214972,-12.4279613630565,-20.1590474539227,-6.88889109280947,2.58609321670737,1.35406479520345,2.30988016889674,0.978660126299279,-0.0961301444473713,0.432376722544823,-0.435627929953396,0.65089278643537,1.69360750804844,0.857685371687245,-0.31908573687059344,26.06222222222222
0.11390526651156814,-19.6418567335974,14.7063346696674,-22.8012376947782,12.1146718424589,-14.898112530969,0.840777704221173,-28.0112929096778,-11.9196388199434,-8.9609216998511,-18.9132433348732,4.971248707036,-12.6863075224956,-1.07144311342478,-7.38337003956967,-2.99243029925503,-8.58230865037102,-13.8065681285297,-6.00035879778826,1.42263161326029,3.83464904792346,-8.22887409813848,3.31817776987025,2.58521234602075,0.195008569338351,-1.19480304002391,0.0384229399473607,-4.12674625203028,-0.645329219040983,-0.344113756444645,27.83972222222222
-0.5602852196207554,-13.1926709562391,12.785970638298,-9.90665002092758,3.32033688288942,-4.80117593230105,5.76005855618556,-18.7508891580107,-37.3534426378925,-0.391539743919107,-5.05250236713858,4.40680552357904,-4.61075647740608,-1.90948796970811,-9.07271093398351,-0.226074450896345,-6.21155748212485,-6.24814535335983,-3.14924669470095,0.0515761185277783,-3.49304991519446,27.2028391573154,-8.88701714094871,5.30360690376998,-0.639434802306313,0.263203123457008,-0.108876929971315,1.26956635541013,0.939407362758877,-0.3492313067728856,18.94638888888889
0.7359773914127103,-2.4340041522657,3.22594669094366,-6.59628163055385,3.59316052421617,-1.07945204530157,-1.73974070807667,-0.0474200922292621,0.301424475889641,-1.77943359731428,-5.83645272742826,3.24943114650197,-5.96148766039896,-1.15517572861188,-11.0022890615302,0.588286383997409,-2.36580146413215,-1.3519003888026,0.189498486847292,0.524007524087668,-0.280533266400441,-0.0354907261487421,-0.419177640985635,0.157435951107499,-0.714849374336836,0.468859337004353,-0.348522318188906,0.420036479941583,-0.327642696480936,1.0962767566453822,36.04555555555555
-0.3712903541460676,-1.41085190223088,2.26827061391536,-2.29755364869312,1.87133052690782,0.248957097554545,-1.20879869131782,-1.35864849113679,1.10291613180529,-1.31736377078276,-4.62691916410905,3.35763973653551,-2.99881490434833,-1.95678634545881,-6.76663337149207,-0.869899592420961,-0.868576751992314,-0.370333268936992,0.419265507331837,-0.894893657235367,0.0580625903425241,0.155380926745126,-0.614880421672272,-0.196125537805858,-0.464375543427361,0.118473100986687,-0.484537034984231,0.373595915880442,0.187657248903867,-0.3492313067728856,21.439444444444444
1.121105758506478,1.26132423719507,2.72680028914035,-5.43501891203698,5.34275900861121,1.44704301840055,-1.44258408548501,-0.898701853990691,0.123061977888509,-2.74849590498127,-3.20243612238872,1.99136063471588,-3.98641621648026,0.577206841836268,-8.48579450596077,-0.794782274727006,-0.66613426737281,-1.37262938444618,-0.10431295585569,-1.46691055321726,0.313331634515096,0.209086136071647,-0.425937610932652,-0.154439525696635,-0.0188195044268996,0.632233951218357,0.192921615175897,0.468180887290157,0.280486470872693,-0.3468724359184622,41.12583333333333
-1.9880335064229064,-2.3122265423263,1.95199201064158,-1.60985073229769,3.9979055875468,-0.522187864667764,-1.42654531920595,-2.53738730624579,1.39165724829804,-2.77008927719433,-2.77227214465915,3.20203320709635,-2.89990738849473,-0.595221881324605,-4.28925378244217,0.389724120274487,-1.14074717980657,-2.83005567450437,-0.0168224681808257,0.416955705037907,0.126910559061474,0.517232370861764,-0.0350493686052974,-0.465211076182388,0.320198198514526,0.0445191674731724,0.177839798284401,0.261145002567677,-0.143275874698919,-0.35322939296682354,0.11277777777777778
-0.8607817912445764,-2.04260819938332,1.57357807373238,-2.37265243271278,-0.572676430720841,-2.09735276458226,-0.174142123011242,-3.03951978687359,-1.63423295064356,-0.594808638750073,-5.45960189444545,2.37853722491518,-2.33027064686235,-0.24623272486659,-4.05852343611281,-0.316983146603949,-2.52266081131673,-5.60340034818128,-0.778439963776289,0.860211793588662,0.825565985313424,-0.723326195587733,0.501221637302624,-0.696892260580304,-0.600513726439022,0.127547028812739,-0.786072220292301,0.606097322391548,0.171696507911815,0.6937494386397087,14.9825
-0.40500409003742976,-2.86636370525907,2.34694943137396,-4.05330668845935,3.98335888025187,-3.46318571327039,-1.28095301603103,-4.47476383461874,1.21665528478137,-2.30982869782019,-5.51550707258062,3.04839203447565,-7.12825076846601,0.0059558009251745,-7.49518733635876,-0.25108802193356,-7.5680148993231,-12.2236328477344,-4.89517519350497,2.52496746940249,0.270013154062001,1.04973156228305,0.475840283409025,0.404480059350581,0.282029789710327,-0.506901095688855,-0.371741093052833,0.615256964379468,0.803162841917988,0.14465228076426997,20.994722222222222
-1.4309040183043755,-21.2091195927913,12.6521968313004,-23.5539329441267,6.17407791004356,-16.026658125511,-4.42219459449987,-16.2294437253382,14.1160019049786,-3.92274144947115,-8.72024451506225,5.49388683652872,-7.7408158639401,0.384814230466723,-8.078240669038,-0.0148996037313368,-6.7012888702885,-13.1592668578419,-4.90303149501704,1.1462752482696,1.60243883702914,1.75844007534189,-1.52258816196329,-0.903860197993699,0.130166452450156,1.45485651906738,-0.223214403323927,1.55092845004664,0.461459566763514,0.046539245565032535,7.461944444444445
-0.20065799816373947,-7.03030814445441,3.42199090467553,-9.52507177254752,5.27089100906596,-4.02463027558805,-2.86568161775739,-6.98919473439446,3.79155093755913,-4.62273033596451,-8.40966487562735,6.30904400603177,-8.57676143258937,0.246746716929862,-11.5340460181508,-0.3642651387587,-5.45249465771382,-11.8875700201872,-3.56358481007011,0.876018768156628,0.545698040621445,1.10339774484256,-0.541854751589521,0.0369432219896495,-0.355519004066217,0.353634382097,1.04245799282131,1.35951563156376,-0.272188101257294,-0.35322939296682354,23.690277777777776
